,Insoluble fiber,Soluble fiber,Protein,Carbs,Fat,Water,Ash,Exp. oil retention,Exp. Water retention final,Bulk density,Tapped density,Biscuit breaking point,Crème viscosity,L,a,b,C,h,Binding capacity (micromolar),D 4 3 - Volume weighted mean (particle size),Specific surface area,Crème max texture,Crème min texture,Cellulose,Hemicellulose,Maltodextrine,Pectin,Lignin,Fructans,bioaccessibility
0,1e-06,90.0,17.91,137.5,24.78,74.03,1.5999999999999999,2.2,1e-06,0.603013333,0.64516129,1802.0,5831,92.62333333,-10.58333333,18.76,21.54666667,119.3666667,1e-06,120.6485,0.1495,68.16666667,-33.33333333,1e-06,1e-06,1e-06,1e-06,1e-06,90.0,37.56352936
1,1e-06,90.0,17.91,137.5,24.78,74.03,1.5999999999999999,2.2,1e-06,0.603013333,0.64516129,1802.0,5831,92.62333333,-10.58333333,18.76,21.54666667,119.3666667,1e-06,120.6485,0.1495,68.16666667,-33.33333333,1e-06,1e-06,1e-06,1e-06,1e-06,90.0,39.49432869
2,1e-06,90.0,17.91,137.5,24.78,74.03,1.5999999999999999,2.2,1e-06,0.603013333,0.64516129,1802.0,5831,92.62333333,-10.58333333,18.76,21.54666667,119.3666667,1e-06,120.6485,0.1495,68.16666667,-33.33333333,1e-06,1e-06,1e-06,1e-06,1e-06,90.0,44.69993347
3,1e-06,90.0,17.91,137.5,24.78,74.03,1.5999999999999999,2.2,1e-06,0.603013333,0.64516129,1802.0,5831,92.62333333,-10.58333333,18.76,21.54666667,119.3666667,1e-06,120.6485,0.1495,68.16666667,-33.33333333,1e-06,1e-06,1e-06,1e-06,1e-06,90.0,39.70018908
4,1e-06,90.0,17.91,137.5,24.78,74.03,1.5999999999999999,2.2,1e-06,0.603013333,0.64516129,1802.0,5831,92.62333333,-10.58333333,18.76,21.54666667,119.3666667,1e-06,120.6485,0.1495,68.16666667,-33.33333333,1e-06,1e-06,1e-06,1e-06,1e-06,90.0,40.95172242
5,1e-06,90.0,17.91,137.5,24.78,74.03,1.5999999999999999,2.2,1e-06,0.603013333,0.64516129,1802.0,5831,92.62333333,-10.58333333,18.76,21.54666667,119.3666667,1e-06,120.6485,0.1495,68.16666667,-33.33333333,1e-06,1e-06,1e-06,1e-06,1e-06,90.0,38.44360632
6,1e-06,90.0,17.91,137.5,24.78,74.03,1.5999999999999999,2.2,1e-06,0.603013333,0.64516129,1802.0,5831,92.62333333,-10.58333333,18.76,21.54666667,119.3666667,1e-06,120.6485,0.1495,68.16666667,-33.33333333,1e-06,1e-06,1e-06,1e-06,1e-06,90.0,38.02035025
7,1e-06,90.0,17.91,137.5,24.78,74.03,1.5999999999999999,2.2,1e-06,0.603013333,0.64516129,1802.0,5831,92.62333333,-10.58333333,18.76,21.54666667,119.3666667,1e-06,120.6485,0.1495,68.16666667,-33.33333333,1e-06,1e-06,1e-06,1e-06,1e-06,90.0,35.40086318
8,1e-06,90.0,17.91,137.5,24.78,74.03,1.5999999999999999,2.2,1e-06,0.603013333,0.64516129,1802.0,5831,92.62333333,-10.58333333,18.76,21.54666667,119.3666667,1e-06,120.6485,0.1495,68.16666667,-33.33333333,1e-06,1e-06,1e-06,1e-06,1e-06,90.0,42.07069283
9,1e-06,90.0,17.91,137.5,24.78,74.03,1.5999999999999999,2.2,1e-06,0.603013333,0.64516129,1802.0,5831,92.62333333,-10.58333333,18.76,21.54666667,119.3666667,1e-06,120.6485,0.1495,68.16666667,-33.33333333,1e-06,1e-06,1e-06,1e-06,1e-06,90.0,39.18173026
10,1e-06,90.0,17.91,137.5,24.78,74.03,1.5999999999999999,2.2,1e-06,0.603013333,0.64516129,1802.0,5831,92.62333333,-10.58333333,18.76,21.54666667,119.3666667,1e-06,120.6485,0.1495,68.16666667,-33.33333333,1e-06,1e-06,1e-06,1e-06,1e-06,90.0,43.66200775
11,1e-06,90.0,17.91,137.5,24.78,74.03,1.5999999999999999,2.2,1e-06,0.603013333,0.64516129,1802.0,5831,92.62333333,-10.58333333,18.76,21.54666667,119.3666667,1e-06,120.6485,0.1495,68.16666667,-33.33333333,1e-06,1e-06,1e-06,1e-06,1e-06,90.0,38.43394125
12,1e-06,90.0,17.91,137.5,24.78,74.03,1.5999999999999999,2.2,1e-06,0.603013333,0.64516129,1802.0,5831,92.62333333,-10.58333333,18.76,21.54666667,119.3666667,1e-06,120.6485,0.1495,68.16666667,-33.33333333,1e-06,1e-06,1e-06,1e-06,1e-06,90.0,46.04897157
13,1e-06,90.0,17.91,137.5,24.78,74.03,1.5999999999999999,2.2,1e-06,0.603013333,0.64516129,1802.0,5831,92.62333333,-10.58333333,18.76,21.54666667,119.3666667,1e-06,120.6485,0.1495,68.16666667,-33.33333333,1e-06,1e-06,1e-06,1e-06,1e-06,90.0,39.76268611
14,1e-06,90.0,17.91,137.5,24.78,74.03,1.5999999999999999,2.2,1e-06,0.603013333,0.64516129,1802.0,5831,92.62333333,-10.58333333,18.76,21.54666667,119.3666667,1e-06,120.6485,0.1495,68.16666667,-33.33333333,1e-06,1e-06,1e-06,1e-06,1e-06,90.0,43.4672985
15,1e-06,90.0,17.91,137.5,24.78,74.03,1.5999999999999999,2.2,1e-06,0.603013333,0.64516129,1802.0,5831,92.62333333,-10.58333333,18.76,21.54666667,119.3666667,1e-06,120.6485,0.1495,68.16666667,-33.33333333,1e-06,1e-06,1e-06,1e-06,1e-06,90.0,43.85443669
16,1e-06,90.0,17.91,137.5,24.78,74.03,1.5999999999999999,2.2,1e-06,0.603013333,0.64516129,1802.0,5831,92.62333333,-10.58333333,18.76,21.54666667,119.3666667,1e-06,120.6485,0.1495,68.16666667,-33.33333333,1e-06,1e-06,1e-06,1e-06,1e-06,90.0,46.15231709
17,1e-06,90.0,17.91,137.5,24.78,74.03,1.5999999999999999,2.2,1e-06,0.603013333,0.64516129,1802.0,5831,92.62333333,-10.58333333,18.76,21.54666667,119.3666667,1e-06,120.6485,0.1495,68.16666667,-33.33333333,1e-06,1e-06,1e-06,1e-06,1e-06,90.0,39.49394029
18,100.0,1e-06,17.91,127.5,24.78,71.03,1.4,3.0,2.2264,0.368313333,0.465116279,2361.0,14713,67.70666667,16.75333333,25.30666667,30.35333333,56.49333333,260.0,91.461,0.1435,165.6666667,-90.0,100.0,1e-06,1e-06,1e-06,1e-06,1e-06,45.92088486
19,100.0,1e-06,17.91,127.5,24.78,71.03,1.4,3.0,2.2264,0.368313333,0.465116279,2361.0,14713,67.70666667,16.75333333,25.30666667,30.35333333,56.49333333,260.0,91.461,0.1435,165.6666667,-90.0,100.0,1e-06,1e-06,1e-06,1e-06,1e-06,48.40400031
20,100.0,1e-06,17.91,127.5,24.78,71.03,1.4,3.0,2.2264,0.368313333,0.465116279,2361.0,14713,67.70666667,16.75333333,25.30666667,30.35333333,56.49333333,260.0,91.461,0.1435,165.6666667,-90.0,100.0,1e-06,1e-06,1e-06,1e-06,1e-06,42.17734207
21,100.0,1e-06,17.91,127.5,24.78,71.03,1.4,3.0,2.2264,0.368313333,0.465116279,2361.0,14713,67.70666667,16.75333333,25.30666667,30.35333333,56.49333333,260.0,91.461,0.1435,165.6666667,-90.0,100.0,1e-06,1e-06,1e-06,1e-06,1e-06,40.76677416
22,100.0,1e-06,17.91,127.5,24.78,71.03,1.4,3.0,2.2264,0.368313333,0.465116279,2361.0,14713,67.70666667,16.75333333,25.30666667,30.35333333,56.49333333,260.0,91.461,0.1435,165.6666667,-90.0,100.0,1e-06,1e-06,1e-06,1e-06,1e-06,46.7897888
23,100.0,1e-06,17.91,127.5,24.78,71.03,1.4,3.0,2.2264,0.368313333,0.465116279,2361.0,14713,67.70666667,16.75333333,25.30666667,30.35333333,56.49333333,260.0,91.461,0.1435,165.6666667,-90.0,100.0,1e-06,1e-06,1e-06,1e-06,1e-06,46.75686495
24,100.0,1e-06,17.91,127.5,24.78,71.03,1.4,3.0,2.2264,0.368313333,0.465116279,2361.0,14713,67.70666667,16.75333333,25.30666667,30.35333333,56.49333333,260.0,91.461,0.1435,165.6666667,-90.0,100.0,1e-06,1e-06,1e-06,1e-06,1e-06,46.25551454
25,100.0,1e-06,17.91,127.5,24.78,71.03,1.4,3.0,2.2264,0.368313333,0.465116279,2361.0,14713,67.70666667,16.75333333,25.30666667,30.35333333,56.49333333,260.0,91.461,0.1435,165.6666667,-90.0,100.0,1e-06,1e-06,1e-06,1e-06,1e-06,41.63705737
26,100.0,1e-06,17.91,127.5,24.78,71.03,1.4,3.0,2.2264,0.368313333,0.465116279,2361.0,14713,67.70666667,16.75333333,25.30666667,30.35333333,56.49333333,260.0,91.461,0.1435,165.6666667,-90.0,100.0,1e-06,1e-06,1e-06,1e-06,1e-06,50.29935768
27,100.0,1e-06,17.91,127.5,24.78,71.03,1.4,3.0,2.2264,0.368313333,0.465116279,2361.0,14713,67.70666667,16.75333333,25.30666667,30.35333333,56.49333333,260.0,91.461,0.1435,165.6666667,-90.0,100.0,1e-06,1e-06,1e-06,1e-06,1e-06,46.8012185
28,100.0,1e-06,17.91,127.5,24.78,71.03,1.4,3.0,2.2264,0.368313333,0.465116279,2361.0,14713,67.70666667,16.75333333,25.30666667,30.35333333,56.49333333,260.0,91.461,0.1435,165.6666667,-90.0,100.0,1e-06,1e-06,1e-06,1e-06,1e-06,46.91298975
29,100.0,1e-06,17.91,127.5,24.78,71.03,1.4,3.0,2.2264,0.368313333,0.465116279,2361.0,14713,67.70666667,16.75333333,25.30666667,30.35333333,56.49333333,260.0,91.461,0.1435,165.6666667,-90.0,100.0,1e-06,1e-06,1e-06,1e-06,1e-06,51.36748634
30,100.0,1e-06,17.91,127.5,24.78,71.03,1.4,3.0,2.2264,0.368313333,0.465116279,2361.0,14713,67.70666667,16.75333333,25.30666667,30.35333333,56.49333333,260.0,91.461,0.1435,165.6666667,-90.0,100.0,1e-06,1e-06,1e-06,1e-06,1e-06,43.53402764
31,100.0,1e-06,17.91,127.5,24.78,71.03,1.4,3.0,2.2264,0.368313333,0.465116279,2361.0,14713,67.70666667,16.75333333,25.30666667,30.35333333,56.49333333,260.0,91.461,0.1435,165.6666667,-90.0,100.0,1e-06,1e-06,1e-06,1e-06,1e-06,47.60065256
32,100.0,1e-06,17.91,127.5,24.78,71.03,1.4,3.0,2.2264,0.368313333,0.465116279,2361.0,14713,67.70666667,16.75333333,25.30666667,30.35333333,56.49333333,260.0,91.461,0.1435,165.6666667,-90.0,100.0,1e-06,1e-06,1e-06,1e-06,1e-06,48.00067158
33,100.0,1e-06,17.91,127.5,24.78,71.03,1.4,3.0,2.2264,0.368313333,0.465116279,2361.0,14713,67.70666667,16.75333333,25.30666667,30.35333333,56.49333333,260.0,91.461,0.1435,165.6666667,-90.0,100.0,1e-06,1e-06,1e-06,1e-06,1e-06,44.23556934
34,1e-06,89.0,17.91,135.5,24.78,71.03,1.4,2.2,1e-06,0.524026667,0.625,1774.0,4643,70.1,15.70666667,23.55666667,28.31333333,56.31333333,1e-06,132.4036,0.1766,55.66666667,-25.16666667,1e-06,1e-06,1e-06,1e-06,1e-06,100.0,35.23145598
35,1e-06,89.0,17.91,135.5,24.78,71.03,1.4,2.2,1e-06,0.524026667,0.625,1774.0,4643,70.1,15.70666667,23.55666667,28.31333333,56.31333333,1e-06,132.4036,0.1766,55.66666667,-25.16666667,1e-06,1e-06,1e-06,1e-06,1e-06,100.0,40.96041386
36,1e-06,89.0,17.91,135.5,24.78,71.03,1.4,2.2,1e-06,0.524026667,0.625,1774.0,4643,70.1,15.70666667,23.55666667,28.31333333,56.31333333,1e-06,132.4036,0.1766,55.66666667,-25.16666667,1e-06,1e-06,1e-06,1e-06,1e-06,100.0,42.16396693
37,1e-06,89.0,17.91,135.5,24.78,71.03,1.4,2.2,1e-06,0.524026667,0.625,1774.0,4643,70.1,15.70666667,23.55666667,28.31333333,56.31333333,1e-06,132.4036,0.1766,55.66666667,-25.16666667,1e-06,1e-06,1e-06,1e-06,1e-06,100.0,37.37161006
38,1e-06,89.0,17.91,135.5,24.78,71.03,1.4,2.2,1e-06,0.524026667,0.625,1774.0,4643,70.1,15.70666667,23.55666667,28.31333333,56.31333333,1e-06,132.4036,0.1766,55.66666667,-25.16666667,1e-06,1e-06,1e-06,1e-06,1e-06,100.0,44.2009925
39,1e-06,89.0,17.91,135.5,24.78,71.03,1.4,2.2,1e-06,0.524026667,0.625,1774.0,4643,70.1,15.70666667,23.55666667,28.31333333,56.31333333,1e-06,132.4036,0.1766,55.66666667,-25.16666667,1e-06,1e-06,1e-06,1e-06,1e-06,100.0,45.39052319
40,1e-06,89.0,17.91,135.5,24.78,71.03,1.4,2.2,1e-06,0.524026667,0.625,1774.0,4643,70.1,15.70666667,23.55666667,28.31333333,56.31333333,1e-06,132.4036,0.1766,55.66666667,-25.16666667,1e-06,1e-06,1e-06,1e-06,1e-06,100.0,40.88964133
41,1e-06,89.0,17.91,135.5,24.78,71.03,1.4,2.2,1e-06,0.524026667,0.625,1774.0,4643,70.1,15.70666667,23.55666667,28.31333333,56.31333333,1e-06,132.4036,0.1766,55.66666667,-25.16666667,1e-06,1e-06,1e-06,1e-06,1e-06,100.0,41.31521421
42,1e-06,89.0,17.91,135.5,24.78,71.03,1.4,2.2,1e-06,0.524026667,0.625,1774.0,4643,70.1,15.70666667,23.55666667,28.31333333,56.31333333,1e-06,132.4036,0.1766,55.66666667,-25.16666667,1e-06,1e-06,1e-06,1e-06,1e-06,100.0,40.4849059
43,1e-06,89.0,17.91,135.5,24.78,71.03,1.4,2.2,1e-06,0.524026667,0.625,1774.0,4643,70.1,15.70666667,23.55666667,28.31333333,56.31333333,1e-06,132.4036,0.1766,55.66666667,-25.16666667,1e-06,1e-06,1e-06,1e-06,1e-06,100.0,41.02351459
44,52.0,8.0,23.71,155.1,27.98,79.03,3.2,2.3,5.0975,0.411453333,0.689655172,1228.0,25000,46.99,22.76666667,36.72666667,43.21666667,58.20666667,320.0,64.59866667,0.409,296.8333333,-137.5,27.0,16.0,1e-06,6.0,10.0,1e-06,53.3776352
45,52.0,8.0,23.71,155.1,27.98,79.03,3.2,2.3,5.0975,0.411453333,0.689655172,1228.0,25000,46.99,22.76666667,36.72666667,43.21666667,58.20666667,320.0,64.59866667,0.409,296.8333333,-137.5,27.0,16.0,1e-06,6.0,10.0,1e-06,46.52743568
46,52.0,8.0,23.71,155.1,27.98,79.03,3.2,2.3,5.0975,0.411453333,0.689655172,1228.0,25000,46.99,22.76666667,36.72666667,43.21666667,58.20666667,320.0,64.59866667,0.409,296.8333333,-137.5,27.0,16.0,1e-06,6.0,10.0,1e-06,51.14461636
47,52.0,8.0,23.71,155.1,27.98,79.03,3.2,2.3,5.0975,0.411453333,0.689655172,1228.0,25000,46.99,22.76666667,36.72666667,43.21666667,58.20666667,320.0,64.59866667,0.409,296.8333333,-137.5,27.0,16.0,1e-06,6.0,10.0,1e-06,51.54776144
48,52.0,8.0,23.71,155.1,27.98,79.03,3.2,2.3,5.0975,0.411453333,0.689655172,1228.0,25000,46.99,22.76666667,36.72666667,43.21666667,58.20666667,320.0,64.59866667,0.409,296.8333333,-137.5,27.0,16.0,1e-06,6.0,10.0,1e-06,54.18232841
49,52.0,8.0,23.71,155.1,27.98,79.03,3.2,2.3,5.0975,0.411453333,0.689655172,1228.0,25000,46.99,22.76666667,36.72666667,43.21666667,58.20666667,320.0,64.59866667,0.409,296.8333333,-137.5,27.0,16.0,1e-06,6.0,10.0,1e-06,43.13150634
50,52.0,8.0,23.71,155.1,27.98,79.03,3.2,2.3,5.0975,0.411453333,0.689655172,1228.0,25000,46.99,22.76666667,36.72666667,43.21666667,58.20666667,320.0,64.59866667,0.409,296.8333333,-137.5,27.0,16.0,1e-06,6.0,10.0,1e-06,52.85486415
51,52.0,8.0,23.71,155.1,27.98,79.03,3.2,2.3,5.0975,0.411453333,0.689655172,1228.0,25000,46.99,22.76666667,36.72666667,43.21666667,58.20666667,320.0,64.59866667,0.409,296.8333333,-137.5,27.0,16.0,1e-06,6.0,10.0,1e-06,55.10827814
52,52.0,8.0,23.71,155.1,27.98,79.03,3.2,2.3,5.0975,0.411453333,0.689655172,1228.0,25000,46.99,22.76666667,36.72666667,43.21666667,58.20666667,320.0,64.59866667,0.409,296.8333333,-137.5,27.0,16.0,1e-06,6.0,10.0,1e-06,46.90636121
53,52.0,8.0,23.71,155.1,27.98,79.03,3.2,2.3,5.0975,0.411453333,0.689655172,1228.0,25000,46.99,22.76666667,36.72666667,43.21666667,58.20666667,320.0,64.59866667,0.409,296.8333333,-137.5,27.0,16.0,1e-06,6.0,10.0,1e-06,52.85088579
54,52.0,8.0,23.71,155.1,27.98,79.03,3.2,2.3,5.0975,0.411453333,0.689655172,1228.0,25000,46.99,22.76666667,36.72666667,43.21666667,58.20666667,320.0,64.59866667,0.409,296.8333333,-137.5,27.0,16.0,1e-06,6.0,10.0,1e-06,56.84115778
55,52.0,8.0,23.71,155.1,27.98,79.03,3.2,2.3,5.0975,0.411453333,0.689655172,1228.0,25000,46.99,22.76666667,36.72666667,43.21666667,58.20666667,320.0,64.59866667,0.409,296.8333333,-137.5,27.0,16.0,1e-06,6.0,10.0,1e-06,46.21916839
56,52.0,8.0,23.71,155.1,27.98,79.03,3.2,2.3,5.0975,0.411453333,0.689655172,1228.0,25000,46.99,22.76666667,36.72666667,43.21666667,58.20666667,320.0,64.59866667,0.409,296.8333333,-137.5,27.0,16.0,1e-06,6.0,10.0,1e-06,53.14036498
57,52.0,8.0,23.71,155.1,27.98,79.03,3.2,2.3,5.0975,0.411453333,0.689655172,1228.0,25000,46.99,22.76666667,36.72666667,43.21666667,58.20666667,320.0,64.59866667,0.409,296.8333333,-137.5,27.0,16.0,1e-06,6.0,10.0,1e-06,52.09419485
58,52.0,8.0,23.71,155.1,27.98,79.03,3.2,2.3,5.0975,0.411453333,0.689655172,1228.0,25000,46.99,22.76666667,36.72666667,43.21666667,58.20666667,320.0,64.59866667,0.409,296.8333333,-137.5,27.0,16.0,1e-06,6.0,10.0,1e-06,55.69846786
59,52.0,8.0,23.71,155.1,27.98,79.03,3.2,2.3,5.0975,0.411453333,0.689655172,1228.0,25000,46.99,22.76666667,36.72666667,43.21666667,58.20666667,320.0,64.59866667,0.409,296.8333333,-137.5,27.0,16.0,1e-06,6.0,10.0,1e-06,51.51771108
60,33.0,27.0,22.91,148.5,25.78,77.03,5.4,4.3,8.659933333,0.17038,0.229007634,2074.0,25000,84.51333333,8.52,23.55333333,25.04666667,70.11,100.0,37.0895,0.0428,317.8333333,-165.5,27.0,4.0,1e-06,27.0,5.0,1e-06,52.54007948
62,33.0,27.0,22.91,148.5,25.78,77.03,5.4,4.3,8.659933333,0.17038,0.229007634,2074.0,25000,84.51333333,8.52,23.55333333,25.04666667,70.11,100.0,37.0895,0.0428,317.8333333,-165.5,27.0,4.0,1e-06,27.0,5.0,1e-06,47.49829698
63,33.0,27.0,22.91,148.5,25.78,77.03,5.4,4.3,8.659933333,0.17038,0.229007634,2074.0,25000,84.51333333,8.52,23.55333333,25.04666667,70.11,100.0,37.0895,0.0428,317.8333333,-165.5,27.0,4.0,1e-06,27.0,5.0,1e-06,53.2129416
64,33.0,27.0,22.91,148.5,25.78,77.03,5.4,4.3,8.659933333,0.17038,0.229007634,2074.0,25000,84.51333333,8.52,23.55333333,25.04666667,70.11,100.0,37.0895,0.0428,317.8333333,-165.5,27.0,4.0,1e-06,27.0,5.0,1e-06,50.47328911
65,33.0,27.0,22.91,148.5,25.78,77.03,5.4,4.3,8.659933333,0.17038,0.229007634,2074.0,25000,84.51333333,8.52,23.55333333,25.04666667,70.11,100.0,37.0895,0.0428,317.8333333,-165.5,27.0,4.0,1e-06,27.0,5.0,1e-06,46.54664964
66,33.0,27.0,22.91,148.5,25.78,77.03,5.4,4.3,8.659933333,0.17038,0.229007634,2074.0,25000,84.51333333,8.52,23.55333333,25.04666667,70.11,100.0,37.0895,0.0428,317.8333333,-165.5,27.0,4.0,1e-06,27.0,5.0,1e-06,47.73662918
67,33.0,27.0,22.91,148.5,25.78,77.03,5.4,4.3,8.659933333,0.17038,0.229007634,2074.0,25000,84.51333333,8.52,23.55333333,25.04666667,70.11,100.0,37.0895,0.0428,317.8333333,-165.5,27.0,4.0,1e-06,27.0,5.0,1e-06,55.38728148
68,33.0,27.0,22.91,148.5,25.78,77.03,5.4,4.3,8.659933333,0.17038,0.229007634,2074.0,25000,84.51333333,8.52,23.55333333,25.04666667,70.11,100.0,37.0895,0.0428,317.8333333,-165.5,27.0,4.0,1e-06,27.0,5.0,1e-06,47.79282839
69,33.0,27.0,22.91,148.5,25.78,77.03,5.4,4.3,8.659933333,0.17038,0.229007634,2074.0,25000,84.51333333,8.52,23.55333333,25.04666667,70.11,100.0,37.0895,0.0428,317.8333333,-165.5,27.0,4.0,1e-06,27.0,5.0,1e-06,60.89083261
70,33.0,27.0,22.91,148.5,25.78,77.03,5.4,4.3,8.659933333,0.17038,0.229007634,2074.0,25000,84.51333333,8.52,23.55333333,25.04666667,70.11,100.0,37.0895,0.0428,317.8333333,-165.5,27.0,4.0,1e-06,27.0,5.0,1e-06,52.50978446
71,33.0,27.0,22.91,148.5,25.78,77.03,5.4,4.3,8.659933333,0.17038,0.229007634,2074.0,25000,84.51333333,8.52,23.55333333,25.04666667,70.11,100.0,37.0895,0.0428,317.8333333,-165.5,27.0,4.0,1e-06,27.0,5.0,1e-06,54.44757489
72,33.0,27.0,22.91,148.5,25.78,77.03,5.4,3.0,6.110233333,0.329193333,0.540540541,2156.0,17227,65.06333333,18.28666667,32.81666667,37.56666667,60.87333333,100.0,254.6355,0.2805,212.5,-114.1666667,27.0,4.0,1e-06,27.0,5.0,1e-06,53.84790478
73,33.0,27.0,22.91,148.5,25.78,77.03,5.4,3.0,6.110233333,0.329193333,0.540540541,2156.0,17227,65.06333333,18.28666667,32.81666667,37.56666667,60.87333333,100.0,254.6355,0.2805,212.5,-114.1666667,27.0,4.0,1e-06,27.0,5.0,1e-06,45.42459583
74,33.0,27.0,22.91,148.5,25.78,77.03,5.4,3.0,6.110233333,0.329193333,0.540540541,2156.0,17227,65.06333333,18.28666667,32.81666667,37.56666667,60.87333333,100.0,254.6355,0.2805,212.5,-114.1666667,27.0,4.0,1e-06,27.0,5.0,1e-06,53.60497159
75,33.0,27.0,22.91,148.5,25.78,77.03,5.4,3.0,6.110233333,0.329193333,0.540540541,2156.0,17227,65.06333333,18.28666667,32.81666667,37.56666667,60.87333333,100.0,254.6355,0.2805,212.5,-114.1666667,27.0,4.0,1e-06,27.0,5.0,1e-06,48.25103496
76,33.0,27.0,22.91,148.5,25.78,77.03,5.4,3.0,6.110233333,0.329193333,0.540540541,2156.0,17227,65.06333333,18.28666667,32.81666667,37.56666667,60.87333333,100.0,254.6355,0.2805,212.5,-114.1666667,27.0,4.0,1e-06,27.0,5.0,1e-06,45.4819193
77,33.0,27.0,22.91,148.5,25.78,77.03,5.4,3.0,6.110233333,0.329193333,0.540540541,2156.0,17227,65.06333333,18.28666667,32.81666667,37.56666667,60.87333333,100.0,254.6355,0.2805,212.5,-114.1666667,27.0,4.0,1e-06,27.0,5.0,1e-06,54.64620193
78,33.0,27.0,22.91,148.5,25.78,77.03,5.4,3.0,6.110233333,0.329193333,0.540540541,2156.0,17227,65.06333333,18.28666667,32.81666667,37.56666667,60.87333333,100.0,254.6355,0.2805,212.5,-114.1666667,27.0,4.0,1e-06,27.0,5.0,1e-06,58.82788334
79,33.0,27.0,22.91,148.5,25.78,77.03,5.4,3.0,6.110233333,0.329193333,0.540540541,2156.0,17227,65.06333333,18.28666667,32.81666667,37.56666667,60.87333333,100.0,254.6355,0.2805,212.5,-114.1666667,27.0,4.0,1e-06,27.0,5.0,1e-06,55.94900117
80,33.0,27.0,22.91,148.5,25.78,77.03,5.4,3.0,6.110233333,0.329193333,0.540540541,2156.0,17227,65.06333333,18.28666667,32.81666667,37.56666667,60.87333333,100.0,254.6355,0.2805,212.5,-114.1666667,27.0,4.0,1e-06,27.0,5.0,1e-06,59.64500882
81,33.0,27.0,22.91,148.5,25.78,77.03,5.4,3.0,6.110233333,0.329193333,0.540540541,2156.0,17227,65.06333333,18.28666667,32.81666667,37.56666667,60.87333333,100.0,254.6355,0.2805,212.5,-114.1666667,27.0,4.0,1e-06,27.0,5.0,1e-06,50.7154349
82,50.0,1e-06,27.91,162.5,24.78,81.03,4.4,2.5,4.222,0.468793333,0.652173913,1418.0,25000,71.77666667,17.1,28.14666667,32.93333333,58.71333333,40.0,88.572,0.168,506.0,-303.3333333,20.0,30.0,1e-06,1e-06,1e-06,1e-06,59.81837326
83,50.0,1e-06,27.91,162.5,24.78,81.03,4.4,2.5,4.222,0.468793333,0.652173913,1418.0,25000,71.77666667,17.1,28.14666667,32.93333333,58.71333333,40.0,88.572,0.168,506.0,-303.3333333,20.0,30.0,1e-06,1e-06,1e-06,1e-06,50.37391914
84,50.0,1e-06,27.91,162.5,24.78,81.03,4.4,2.5,4.222,0.468793333,0.652173913,1418.0,25000,71.77666667,17.1,28.14666667,32.93333333,58.71333333,40.0,88.572,0.168,506.0,-303.3333333,20.0,30.0,1e-06,1e-06,1e-06,1e-06,51.07967137
85,50.0,1e-06,27.91,162.5,24.78,81.03,4.4,2.5,4.222,0.468793333,0.652173913,1418.0,25000,71.77666667,17.1,28.14666667,32.93333333,58.71333333,40.0,88.572,0.168,506.0,-303.3333333,20.0,30.0,1e-06,1e-06,1e-06,1e-06,50.04678433
86,50.0,1e-06,27.91,162.5,24.78,81.03,4.4,2.5,4.222,0.468793333,0.652173913,1418.0,25000,71.77666667,17.1,28.14666667,32.93333333,58.71333333,40.0,88.572,0.168,506.0,-303.3333333,20.0,30.0,1e-06,1e-06,1e-06,1e-06,52.53070579
87,50.0,1e-06,27.91,162.5,24.78,81.03,4.4,2.5,4.222,0.468793333,0.652173913,1418.0,25000,71.77666667,17.1,28.14666667,32.93333333,58.71333333,40.0,88.572,0.168,506.0,-303.3333333,20.0,30.0,1e-06,1e-06,1e-06,1e-06,56.26770257
88,50.0,1e-06,27.91,162.5,24.78,81.03,4.4,2.5,4.222,0.468793333,0.652173913,1418.0,25000,71.77666667,17.1,28.14666667,32.93333333,58.71333333,40.0,88.572,0.168,506.0,-303.3333333,20.0,30.0,1e-06,1e-06,1e-06,1e-06,50.85839707
89,50.0,1e-06,27.91,162.5,24.78,81.03,4.4,2.5,4.222,0.468793333,0.652173913,1418.0,25000,71.77666667,17.1,28.14666667,32.93333333,58.71333333,40.0,88.572,0.168,506.0,-303.3333333,20.0,30.0,1e-06,1e-06,1e-06,1e-06,56.2981867
90,50.0,1e-06,27.91,162.5,24.78,81.03,4.4,2.5,4.222,0.468793333,0.652173913,1418.0,25000,71.77666667,17.1,28.14666667,32.93333333,58.71333333,40.0,88.572,0.168,506.0,-303.3333333,20.0,30.0,1e-06,1e-06,1e-06,1e-06,49.115251
91,50.0,1e-06,27.91,162.5,24.78,81.03,4.4,2.5,4.222,0.468793333,0.652173913,1418.0,25000,71.77666667,17.1,28.14666667,32.93333333,58.71333333,40.0,88.572,0.168,506.0,-303.3333333,20.0,30.0,1e-06,1e-06,1e-06,1e-06,55.41362062
92,1e-06,85.0,18.21,128.0,24.880000000000003,76.03,1.9,2.8,1e-06,0.375533333,0.454545455,1612.0,5026,88.58,5.486666667,17.64666667,18.48666667,72.74333333,1e-06,147.3155,0.1465,42.5,-19.16666667,1e-06,1e-06,88.0,1e-06,1e-06,1e-06,48.74143506
93,1e-06,85.0,18.21,128.0,24.880000000000003,76.03,1.9,2.8,1e-06,0.375533333,0.454545455,1612.0,5026,88.58,5.486666667,17.64666667,18.48666667,72.74333333,1e-06,147.3155,0.1465,42.5,-19.16666667,1e-06,1e-06,88.0,1e-06,1e-06,1e-06,48.12301637
94,1e-06,85.0,18.21,128.0,24.880000000000003,76.03,1.9,2.8,1e-06,0.375533333,0.454545455,1612.0,5026,88.58,5.486666667,17.64666667,18.48666667,72.74333333,1e-06,147.3155,0.1465,42.5,-19.16666667,1e-06,1e-06,88.0,1e-06,1e-06,1e-06,43.90547563
95,1e-06,85.0,18.21,128.0,24.880000000000003,76.03,1.9,2.8,1e-06,0.375533333,0.454545455,1612.0,5026,88.58,5.486666667,17.64666667,18.48666667,72.74333333,1e-06,147.3155,0.1465,42.5,-19.16666667,1e-06,1e-06,88.0,1e-06,1e-06,1e-06,47.87647807
96,1e-06,85.0,18.21,128.0,24.880000000000003,76.03,1.9,2.8,1e-06,0.375533333,0.454545455,1612.0,5026,88.58,5.486666667,17.64666667,18.48666667,72.74333333,1e-06,147.3155,0.1465,42.5,-19.16666667,1e-06,1e-06,88.0,1e-06,1e-06,1e-06,39.17335616
97,1e-06,85.0,18.21,128.0,24.880000000000003,76.03,1.9,2.8,1e-06,0.375533333,0.454545455,1612.0,5026,88.58,5.486666667,17.64666667,18.48666667,72.74333333,1e-06,147.3155,0.1465,42.5,-19.16666667,1e-06,1e-06,88.0,1e-06,1e-06,1e-06,44.90948009
98,1e-06,85.0,18.21,128.0,24.880000000000003,76.03,1.9,2.8,1e-06,0.375533333,0.454545455,1612.0,5026,88.58,5.486666667,17.64666667,18.48666667,72.74333333,1e-06,147.3155,0.1465,42.5,-19.16666667,1e-06,1e-06,88.0,1e-06,1e-06,1e-06,50.17607873
99,1e-06,85.0,18.21,128.0,24.880000000000003,76.03,1.9,2.8,1e-06,0.375533333,0.454545455,1612.0,5026,88.58,5.486666667,17.64666667,18.48666667,72.74333333,1e-06,147.3155,0.1465,42.5,-19.16666667,1e-06,1e-06,88.0,1e-06,1e-06,1e-06,48.49838446
100,1e-06,85.0,18.21,128.0,24.880000000000003,76.03,1.9,2.8,1e-06,0.375533333,0.454545455,1612.0,5026,88.58,5.486666667,17.64666667,18.48666667,72.74333333,1e-06,147.3155,0.1465,42.5,-19.16666667,1e-06,1e-06,88.0,1e-06,1e-06,1e-06,45.684763
101,1e-06,85.0,18.21,128.0,24.880000000000003,76.03,1.9,2.8,1e-06,0.375533333,0.454545455,1612.0,5026,88.58,5.486666667,17.64666667,18.48666667,72.74333333,1e-06,147.3155,0.1465,42.5,-19.16666667,1e-06,1e-06,88.0,1e-06,1e-06,1e-06,49.56275465
102,1e-06,85.0,18.21,128.0,24.880000000000003,76.03,1.9,2.8,1e-06,0.375533333,0.454545455,1612.0,5026,88.58,5.486666667,17.64666667,18.48666667,72.74333333,1e-06,147.3155,0.1465,42.5,-19.16666667,1e-06,1e-06,88.0,1e-06,1e-06,1e-06,43.69921912
103,1e-06,85.0,18.21,128.0,24.880000000000003,76.03,1.9,2.8,1e-06,0.375533333,0.454545455,1612.0,5026,88.58,5.486666667,17.64666667,18.48666667,72.74333333,1e-06,147.3155,0.1465,42.5,-19.16666667,1e-06,1e-06,88.0,1e-06,1e-06,1e-06,53.92689034
104,49.05,27.65,23.94,130.455,24.78,79.87,8.02,4.2,4.032933333,0.2097,0.303030303,3039.0,25000,60.38666667,18.35333333,37.00666667,41.30666667,63.62,460.0,262.432,0.0314,354.3333333,-151.5,16.0,10.0,1e-06,42.0,1e-06,1e-06,48.47655459
105,49.05,27.65,23.94,130.455,24.78,79.87,8.02,4.2,4.032933333,0.2097,0.303030303,3039.0,25000,60.38666667,18.35333333,37.00666667,41.30666667,63.62,460.0,262.432,0.0314,354.3333333,-151.5,16.0,10.0,1e-06,42.0,1e-06,1e-06,49.85187284
106,49.05,27.65,23.94,130.455,24.78,79.87,8.02,4.2,4.032933333,0.2097,0.303030303,3039.0,25000,60.38666667,18.35333333,37.00666667,41.30666667,63.62,460.0,262.432,0.0314,354.3333333,-151.5,16.0,10.0,1e-06,42.0,1e-06,1e-06,45.41671933
107,49.05,27.65,23.94,130.455,24.78,79.87,8.02,4.2,4.032933333,0.2097,0.303030303,3039.0,25000,60.38666667,18.35333333,37.00666667,41.30666667,63.62,460.0,262.432,0.0314,354.3333333,-151.5,16.0,10.0,1e-06,42.0,1e-06,1e-06,49.73485223
108,49.05,27.65,23.94,130.455,24.78,79.87,8.02,4.2,4.032933333,0.2097,0.303030303,3039.0,25000,60.38666667,18.35333333,37.00666667,41.30666667,63.62,460.0,262.432,0.0314,354.3333333,-151.5,16.0,10.0,1e-06,42.0,1e-06,1e-06,46.5176385
109,49.05,27.65,23.94,130.455,24.78,79.87,8.02,4.2,4.032933333,0.2097,0.303030303,3039.0,25000,60.38666667,18.35333333,37.00666667,41.30666667,63.62,460.0,262.432,0.0314,354.3333333,-151.5,16.0,10.0,1e-06,42.0,1e-06,1e-06,51.65866908
110,49.05,27.65,23.94,130.455,24.78,79.87,8.02,4.2,4.032933333,0.2097,0.303030303,3039.0,25000,60.38666667,18.35333333,37.00666667,41.30666667,63.62,460.0,262.432,0.0314,354.3333333,-151.5,16.0,10.0,1e-06,42.0,1e-06,1e-06,51.78174984
111,49.05,27.65,23.94,130.455,24.78,79.87,8.02,4.2,4.032933333,0.2097,0.303030303,3039.0,25000,60.38666667,18.35333333,37.00666667,41.30666667,63.62,460.0,262.432,0.0314,354.3333333,-151.5,16.0,10.0,1e-06,42.0,1e-06,1e-06,45.90195961
112,49.05,27.65,23.94,130.455,24.78,79.87,8.02,4.2,4.032933333,0.2097,0.303030303,3039.0,25000,60.38666667,18.35333333,37.00666667,41.30666667,63.62,460.0,262.432,0.0314,354.3333333,-151.5,16.0,10.0,1e-06,42.0,1e-06,1e-06,50.81931313
113,49.05,27.65,23.94,130.455,24.78,79.87,8.02,4.2,4.032933333,0.2097,0.303030303,3039.0,25000,60.38666667,18.35333333,37.00666667,41.30666667,63.62,460.0,262.432,0.0314,354.3333333,-151.5,16.0,10.0,1e-06,42.0,1e-06,1e-06,44.79443406
114,49.05,27.65,23.94,130.455,24.78,79.87,8.02,4.2,4.032933333,0.2097,0.303030303,3039.0,25000,60.38666667,18.35333333,37.00666667,41.30666667,63.62,460.0,262.432,0.0314,354.3333333,-151.5,16.0,10.0,1e-06,42.0,1e-06,1e-06,48.09804049
115,97.0,1e-06,18.31,127.6,24.98,79.03,4.4,6.3,8.2317,0.119266667,0.23255814,3027.5,20476,89.27,5.353333333,16.15666667,17.06666667,71.67,220.0,104.9256667,0.130333333,249.1666667,-134.5,73.0,4.0,1e-06,1e-06,1e-06,1e-06,53.50680598
116,97.0,1e-06,18.31,127.6,24.98,79.03,4.4,6.3,8.2317,0.119266667,0.23255814,3027.5,20476,89.27,5.353333333,16.15666667,17.06666667,71.67,220.0,104.9256667,0.130333333,249.1666667,-134.5,73.0,4.0,1e-06,1e-06,1e-06,1e-06,48.02543343
117,97.0,1e-06,18.31,127.6,24.98,79.03,4.4,6.3,8.2317,0.119266667,0.23255814,3027.5,20476,89.27,5.353333333,16.15666667,17.06666667,71.67,220.0,104.9256667,0.130333333,249.1666667,-134.5,73.0,4.0,1e-06,1e-06,1e-06,1e-06,54.13703674
118,97.0,1e-06,18.31,127.6,24.98,79.03,4.4,6.3,8.2317,0.119266667,0.23255814,3027.5,20476,89.27,5.353333333,16.15666667,17.06666667,71.67,220.0,104.9256667,0.130333333,249.1666667,-134.5,73.0,4.0,1e-06,1e-06,1e-06,1e-06,59.08558451
119,97.0,1e-06,18.31,127.6,24.98,79.03,4.4,6.3,8.2317,0.119266667,0.23255814,3027.5,20476,89.27,5.353333333,16.15666667,17.06666667,71.67,220.0,104.9256667,0.130333333,249.1666667,-134.5,73.0,4.0,1e-06,1e-06,1e-06,1e-06,44.06676975
120,97.0,1e-06,18.31,127.6,24.98,79.03,4.4,6.3,8.2317,0.119266667,0.23255814,3027.5,20476,89.27,5.353333333,16.15666667,17.06666667,71.67,220.0,104.9256667,0.130333333,249.1666667,-134.5,73.0,4.0,1e-06,1e-06,1e-06,1e-06,50.6097151
121,97.0,1e-06,18.31,127.6,24.98,79.03,4.4,6.3,8.2317,0.119266667,0.23255814,3027.5,20476,89.27,5.353333333,16.15666667,17.06666667,71.67,220.0,104.9256667,0.130333333,249.1666667,-134.5,73.0,4.0,1e-06,1e-06,1e-06,1e-06,52.4940183
122,97.0,1e-06,18.31,127.6,24.98,79.03,4.4,6.3,8.2317,0.119266667,0.23255814,3027.5,20476,89.27,5.353333333,16.15666667,17.06666667,71.67,220.0,104.9256667,0.130333333,249.1666667,-134.5,73.0,4.0,1e-06,1e-06,1e-06,1e-06,48.89273784
123,97.0,1e-06,18.31,127.6,24.98,79.03,4.4,6.3,8.2317,0.119266667,0.23255814,3027.5,20476,89.27,5.353333333,16.15666667,17.06666667,71.67,220.0,104.9256667,0.130333333,249.1666667,-134.5,73.0,4.0,1e-06,1e-06,1e-06,1e-06,47.5634805
124,97.0,1e-06,18.31,127.6,24.98,79.03,4.4,6.3,8.2317,0.119266667,0.23255814,3027.5,20476,89.27,5.353333333,16.15666667,17.06666667,71.67,220.0,104.9256667,0.130333333,249.1666667,-134.5,73.0,4.0,1e-06,1e-06,1e-06,1e-06,56.52960062
125,97.0,1e-06,18.31,127.6,24.98,79.03,4.4,6.3,8.2317,0.119266667,0.23255814,3027.5,20476,89.27,5.353333333,16.15666667,17.06666667,71.67,220.0,104.9256667,0.130333333,249.1666667,-134.5,73.0,4.0,1e-06,1e-06,1e-06,1e-06,52.07473877
126,97.0,1e-06,18.31,127.6,24.98,79.03,4.4,6.3,8.2317,0.119266667,0.23255814,3027.5,20476,89.27,5.353333333,16.15666667,17.06666667,71.67,220.0,104.9256667,0.130333333,249.1666667,-134.5,73.0,4.0,1e-06,1e-06,1e-06,1e-06,55.68969565
127,1e-06,90.0,28.8,166.6,31.900000000000002,516.5,1.5999999999999999,2.2,1e-06,0.603013333,0.64516129,1802.0,5831,92.62333333,-10.58333333,18.76,21.54666667,119.3666667,1e-06,120.6485,0.1495,68.16666667,-33.33333333,1e-06,1e-06,1e-06,1e-06,1e-06,90.0,33.21960708
128,1e-06,90.0,28.8,166.6,31.900000000000002,516.5,1.5999999999999999,2.2,1e-06,0.603013333,0.64516129,1802.0,5831,92.62333333,-10.58333333,18.76,21.54666667,119.3666667,1e-06,120.6485,0.1495,68.16666667,-33.33333333,1e-06,1e-06,1e-06,1e-06,1e-06,90.0,27.90050699
129,1e-06,90.0,28.8,166.6,31.900000000000002,516.5,1.5999999999999999,2.2,1e-06,0.603013333,0.64516129,1802.0,5831,92.62333333,-10.58333333,18.76,21.54666667,119.3666667,1e-06,120.6485,0.1495,68.16666667,-33.33333333,1e-06,1e-06,1e-06,1e-06,1e-06,90.0,25.5705939
130,1e-06,90.0,28.8,166.6,31.900000000000002,516.5,1.5999999999999999,2.2,1e-06,0.603013333,0.64516129,1802.0,5831,92.62333333,-10.58333333,18.76,21.54666667,119.3666667,1e-06,120.6485,0.1495,68.16666667,-33.33333333,1e-06,1e-06,1e-06,1e-06,1e-06,90.0,37.58607721
131,1e-06,90.0,28.8,166.6,31.900000000000002,516.5,1.5999999999999999,2.2,1e-06,0.603013333,0.64516129,1802.0,5831,92.62333333,-10.58333333,18.76,21.54666667,119.3666667,1e-06,120.6485,0.1495,68.16666667,-33.33333333,1e-06,1e-06,1e-06,1e-06,1e-06,90.0,29.04233469
132,1e-06,90.0,28.8,166.6,31.900000000000002,516.5,1.5999999999999999,2.2,1e-06,0.603013333,0.64516129,1802.0,5831,92.62333333,-10.58333333,18.76,21.54666667,119.3666667,1e-06,120.6485,0.1495,68.16666667,-33.33333333,1e-06,1e-06,1e-06,1e-06,1e-06,90.0,29.63021144
133,1e-06,90.0,28.8,166.6,31.900000000000002,516.5,1.5999999999999999,2.2,1e-06,0.603013333,0.64516129,1802.0,5831,92.62333333,-10.58333333,18.76,21.54666667,119.3666667,1e-06,120.6485,0.1495,68.16666667,-33.33333333,1e-06,1e-06,1e-06,1e-06,1e-06,90.0,30.53183673
134,1e-06,90.0,28.8,166.6,31.900000000000002,516.5,1.5999999999999999,2.2,1e-06,0.603013333,0.64516129,1802.0,5831,92.62333333,-10.58333333,18.76,21.54666667,119.3666667,1e-06,120.6485,0.1495,68.16666667,-33.33333333,1e-06,1e-06,1e-06,1e-06,1e-06,90.0,35.86425381
135,1e-06,90.0,28.8,166.6,31.900000000000002,516.5,1.5999999999999999,2.2,1e-06,0.603013333,0.64516129,1802.0,5831,92.62333333,-10.58333333,18.76,21.54666667,119.3666667,1e-06,120.6485,0.1495,68.16666667,-33.33333333,1e-06,1e-06,1e-06,1e-06,1e-06,90.0,26.11199818
136,1e-06,90.0,28.8,166.6,31.900000000000002,516.5,1.5999999999999999,2.2,1e-06,0.603013333,0.64516129,1802.0,5831,92.62333333,-10.58333333,18.76,21.54666667,119.3666667,1e-06,120.6485,0.1495,68.16666667,-33.33333333,1e-06,1e-06,1e-06,1e-06,1e-06,90.0,33.33179582
137,1e-06,90.0,28.8,166.6,31.900000000000002,516.5,1.5999999999999999,2.2,1e-06,0.603013333,0.64516129,1802.0,5831,92.62333333,-10.58333333,18.76,21.54666667,119.3666667,1e-06,120.6485,0.1495,68.16666667,-33.33333333,1e-06,1e-06,1e-06,1e-06,1e-06,90.0,28.4177906
138,1e-06,90.0,28.8,166.6,31.900000000000002,516.5,1.5999999999999999,2.2,1e-06,0.603013333,0.64516129,1802.0,5831,92.62333333,-10.58333333,18.76,21.54666667,119.3666667,1e-06,120.6485,0.1495,68.16666667,-33.33333333,1e-06,1e-06,1e-06,1e-06,1e-06,90.0,30.94957488
139,100.0,1e-06,28.8,156.6,31.900000000000002,513.5,1.4,3.0,2.2264,0.368313333,0.465116279,2361.0,14713,67.70666667,16.75333333,25.30666667,30.35333333,56.49333333,260.0,91.461,0.1435,165.6666667,-90.0,100.0,1e-06,1e-06,1e-06,1e-06,1e-06,22.73476241
140,100.0,1e-06,28.8,156.6,31.900000000000002,513.5,1.4,3.0,2.2264,0.368313333,0.465116279,2361.0,14713,67.70666667,16.75333333,25.30666667,30.35333333,56.49333333,260.0,91.461,0.1435,165.6666667,-90.0,100.0,1e-06,1e-06,1e-06,1e-06,1e-06,25.91080598
141,100.0,1e-06,28.8,156.6,31.900000000000002,513.5,1.4,3.0,2.2264,0.368313333,0.465116279,2361.0,14713,67.70666667,16.75333333,25.30666667,30.35333333,56.49333333,260.0,91.461,0.1435,165.6666667,-90.0,100.0,1e-06,1e-06,1e-06,1e-06,1e-06,26.86753846
142,100.0,1e-06,28.8,156.6,31.900000000000002,513.5,1.4,3.0,2.2264,0.368313333,0.465116279,2361.0,14713,67.70666667,16.75333333,25.30666667,30.35333333,56.49333333,260.0,91.461,0.1435,165.6666667,-90.0,100.0,1e-06,1e-06,1e-06,1e-06,1e-06,18.64826503
143,100.0,1e-06,28.8,156.6,31.900000000000002,513.5,1.4,3.0,2.2264,0.368313333,0.465116279,2361.0,14713,67.70666667,16.75333333,25.30666667,30.35333333,56.49333333,260.0,91.461,0.1435,165.6666667,-90.0,100.0,1e-06,1e-06,1e-06,1e-06,1e-06,22.13924193
144,100.0,1e-06,28.8,156.6,31.900000000000002,513.5,1.4,3.0,2.2264,0.368313333,0.465116279,2361.0,14713,67.70666667,16.75333333,25.30666667,30.35333333,56.49333333,260.0,91.461,0.1435,165.6666667,-90.0,100.0,1e-06,1e-06,1e-06,1e-06,1e-06,28.48793197
145,100.0,1e-06,28.8,156.6,31.900000000000002,513.5,1.4,3.0,2.2264,0.368313333,0.465116279,2361.0,14713,67.70666667,16.75333333,25.30666667,30.35333333,56.49333333,260.0,91.461,0.1435,165.6666667,-90.0,100.0,1e-06,1e-06,1e-06,1e-06,1e-06,27.0974179
146,100.0,1e-06,28.8,156.6,31.900000000000002,513.5,1.4,3.0,2.2264,0.368313333,0.465116279,2361.0,14713,67.70666667,16.75333333,25.30666667,30.35333333,56.49333333,260.0,91.461,0.1435,165.6666667,-90.0,100.0,1e-06,1e-06,1e-06,1e-06,1e-06,22.27946202
147,100.0,1e-06,28.8,156.6,31.900000000000002,513.5,1.4,3.0,2.2264,0.368313333,0.465116279,2361.0,14713,67.70666667,16.75333333,25.30666667,30.35333333,56.49333333,260.0,91.461,0.1435,165.6666667,-90.0,100.0,1e-06,1e-06,1e-06,1e-06,1e-06,28.63182002
148,100.0,1e-06,28.8,156.6,31.900000000000002,513.5,1.4,3.0,2.2264,0.368313333,0.465116279,2361.0,14713,67.70666667,16.75333333,25.30666667,30.35333333,56.49333333,260.0,91.461,0.1435,165.6666667,-90.0,100.0,1e-06,1e-06,1e-06,1e-06,1e-06,23.08801956
149,100.0,1e-06,28.8,156.6,31.900000000000002,513.5,1.4,3.0,2.2264,0.368313333,0.465116279,2361.0,14713,67.70666667,16.75333333,25.30666667,30.35333333,56.49333333,260.0,91.461,0.1435,165.6666667,-90.0,100.0,1e-06,1e-06,1e-06,1e-06,1e-06,24.01400064
150,1e-06,89.0,28.8,164.6,31.900000000000002,513.5,1.4,2.2,1e-06,0.524026667,0.625,1774.0,4643,70.1,15.70666667,23.55666667,28.31333333,56.31333333,1e-06,132.4036,0.1766,55.66666667,-25.16666667,1e-06,1e-06,1e-06,1e-06,1e-06,100.0,32.32515337
151,1e-06,89.0,28.8,164.6,31.900000000000002,513.5,1.4,2.2,1e-06,0.524026667,0.625,1774.0,4643,70.1,15.70666667,23.55666667,28.31333333,56.31333333,1e-06,132.4036,0.1766,55.66666667,-25.16666667,1e-06,1e-06,1e-06,1e-06,1e-06,100.0,38.53544249
152,1e-06,89.0,28.8,164.6,31.900000000000002,513.5,1.4,2.2,1e-06,0.524026667,0.625,1774.0,4643,70.1,15.70666667,23.55666667,28.31333333,56.31333333,1e-06,132.4036,0.1766,55.66666667,-25.16666667,1e-06,1e-06,1e-06,1e-06,1e-06,100.0,37.2092113
153,1e-06,89.0,28.8,164.6,31.900000000000002,513.5,1.4,2.2,1e-06,0.524026667,0.625,1774.0,4643,70.1,15.70666667,23.55666667,28.31333333,56.31333333,1e-06,132.4036,0.1766,55.66666667,-25.16666667,1e-06,1e-06,1e-06,1e-06,1e-06,100.0,25.43707694
154,1e-06,89.0,28.8,164.6,31.900000000000002,513.5,1.4,2.2,1e-06,0.524026667,0.625,1774.0,4643,70.1,15.70666667,23.55666667,28.31333333,56.31333333,1e-06,132.4036,0.1766,55.66666667,-25.16666667,1e-06,1e-06,1e-06,1e-06,1e-06,100.0,36.04293239
155,1e-06,89.0,28.8,164.6,31.900000000000002,513.5,1.4,2.2,1e-06,0.524026667,0.625,1774.0,4643,70.1,15.70666667,23.55666667,28.31333333,56.31333333,1e-06,132.4036,0.1766,55.66666667,-25.16666667,1e-06,1e-06,1e-06,1e-06,1e-06,100.0,33.32323702
156,1e-06,89.0,28.8,164.6,31.900000000000002,513.5,1.4,2.2,1e-06,0.524026667,0.625,1774.0,4643,70.1,15.70666667,23.55666667,28.31333333,56.31333333,1e-06,132.4036,0.1766,55.66666667,-25.16666667,1e-06,1e-06,1e-06,1e-06,1e-06,100.0,36.39362661
157,1e-06,89.0,28.8,164.6,31.900000000000002,513.5,1.4,2.2,1e-06,0.524026667,0.625,1774.0,4643,70.1,15.70666667,23.55666667,28.31333333,56.31333333,1e-06,132.4036,0.1766,55.66666667,-25.16666667,1e-06,1e-06,1e-06,1e-06,1e-06,100.0,36.80506724
158,1e-06,89.0,28.8,164.6,31.900000000000002,513.5,1.4,2.2,1e-06,0.524026667,0.625,1774.0,4643,70.1,15.70666667,23.55666667,28.31333333,56.31333333,1e-06,132.4036,0.1766,55.66666667,-25.16666667,1e-06,1e-06,1e-06,1e-06,1e-06,100.0,37.83699683
159,52.0,8.0,34.6,184.2,35.1,521.5,3.2,2.3,5.0975,0.411453333,0.689655172,1228.0,25000,46.99,22.76666667,36.72666667,43.21666667,58.20666667,320.0,64.59866667,0.409,296.8333333,-137.5,27.0,16.0,1e-06,6.0,10.0,1e-06,29.3000243
160,52.0,8.0,34.6,184.2,35.1,521.5,3.2,2.3,5.0975,0.411453333,0.689655172,1228.0,25000,46.99,22.76666667,36.72666667,43.21666667,58.20666667,320.0,64.59866667,0.409,296.8333333,-137.5,27.0,16.0,1e-06,6.0,10.0,1e-06,32.2165693
161,52.0,8.0,34.6,184.2,35.1,521.5,3.2,2.3,5.0975,0.411453333,0.689655172,1228.0,25000,46.99,22.76666667,36.72666667,43.21666667,58.20666667,320.0,64.59866667,0.409,296.8333333,-137.5,27.0,16.0,1e-06,6.0,10.0,1e-06,31.10931378
162,52.0,8.0,34.6,184.2,35.1,521.5,3.2,2.3,5.0975,0.411453333,0.689655172,1228.0,25000,46.99,22.76666667,36.72666667,43.21666667,58.20666667,320.0,64.59866667,0.409,296.8333333,-137.5,27.0,16.0,1e-06,6.0,10.0,1e-06,32.01168523
163,52.0,8.0,34.6,184.2,35.1,521.5,3.2,2.3,5.0975,0.411453333,0.689655172,1228.0,25000,46.99,22.76666667,36.72666667,43.21666667,58.20666667,320.0,64.59866667,0.409,296.8333333,-137.5,27.0,16.0,1e-06,6.0,10.0,1e-06,29.43888268
164,52.0,8.0,34.6,184.2,35.1,521.5,3.2,2.3,5.0975,0.411453333,0.689655172,1228.0,25000,46.99,22.76666667,36.72666667,43.21666667,58.20666667,320.0,64.59866667,0.409,296.8333333,-137.5,27.0,16.0,1e-06,6.0,10.0,1e-06,33.70492847
165,52.0,8.0,34.6,184.2,35.1,521.5,3.2,2.3,5.0975,0.411453333,0.689655172,1228.0,25000,46.99,22.76666667,36.72666667,43.21666667,58.20666667,320.0,64.59866667,0.409,296.8333333,-137.5,27.0,16.0,1e-06,6.0,10.0,1e-06,33.46632277
166,52.0,8.0,34.6,184.2,35.1,521.5,3.2,2.3,5.0975,0.411453333,0.689655172,1228.0,25000,46.99,22.76666667,36.72666667,43.21666667,58.20666667,320.0,64.59866667,0.409,296.8333333,-137.5,27.0,16.0,1e-06,6.0,10.0,1e-06,27.9766537
167,52.0,8.0,34.6,184.2,35.1,521.5,3.2,2.3,5.0975,0.411453333,0.689655172,1228.0,25000,46.99,22.76666667,36.72666667,43.21666667,58.20666667,320.0,64.59866667,0.409,296.8333333,-137.5,27.0,16.0,1e-06,6.0,10.0,1e-06,27.48462025
168,52.0,8.0,34.6,184.2,35.1,521.5,3.2,2.3,5.0975,0.411453333,0.689655172,1228.0,25000,46.99,22.76666667,36.72666667,43.21666667,58.20666667,320.0,64.59866667,0.409,296.8333333,-137.5,27.0,16.0,1e-06,6.0,10.0,1e-06,34.18997361
169,52.0,8.0,34.6,184.2,35.1,521.5,3.2,2.3,5.0975,0.411453333,0.689655172,1228.0,25000,46.99,22.76666667,36.72666667,43.21666667,58.20666667,320.0,64.59866667,0.409,296.8333333,-137.5,27.0,16.0,1e-06,6.0,10.0,1e-06,33.95374449
170,52.0,8.0,34.6,184.2,35.1,521.5,3.2,2.3,5.0975,0.411453333,0.689655172,1228.0,25000,46.99,22.76666667,36.72666667,43.21666667,58.20666667,320.0,64.59866667,0.409,296.8333333,-137.5,27.0,16.0,1e-06,6.0,10.0,1e-06,30.43120563
171,33.0,27.0,33.8,177.6,32.900000000000006,519.5,5.4,4.3,8.659933333,0.17038,0.229007634,2074.0,25000,84.51333333,8.52,23.55333333,25.04666667,70.11,100.0,37.0895,0.0428,317.8333333,-165.5,27.0,4.0,1e-06,27.0,5.0,1e-06,29.08613352
172,33.0,27.0,33.8,177.6,32.900000000000006,519.5,5.4,4.3,8.659933333,0.17038,0.229007634,2074.0,25000,84.51333333,8.52,23.55333333,25.04666667,70.11,100.0,37.0895,0.0428,317.8333333,-165.5,27.0,4.0,1e-06,27.0,5.0,1e-06,32.7802962
173,33.0,27.0,33.8,177.6,32.900000000000006,519.5,5.4,4.3,8.659933333,0.17038,0.229007634,2074.0,25000,84.51333333,8.52,23.55333333,25.04666667,70.11,100.0,37.0895,0.0428,317.8333333,-165.5,27.0,4.0,1e-06,27.0,5.0,1e-06,23.87732495
174,33.0,27.0,33.8,177.6,32.900000000000006,519.5,5.4,4.3,8.659933333,0.17038,0.229007634,2074.0,25000,84.51333333,8.52,23.55333333,25.04666667,70.11,100.0,37.0895,0.0428,317.8333333,-165.5,27.0,4.0,1e-06,27.0,5.0,1e-06,31.61655325
175,33.0,27.0,33.8,177.6,32.900000000000006,519.5,5.4,4.3,8.659933333,0.17038,0.229007634,2074.0,25000,84.51333333,8.52,23.55333333,25.04666667,70.11,100.0,37.0895,0.0428,317.8333333,-165.5,27.0,4.0,1e-06,27.0,5.0,1e-06,30.20482203
176,33.0,27.0,33.8,177.6,32.900000000000006,519.5,5.4,4.3,8.659933333,0.17038,0.229007634,2074.0,25000,84.51333333,8.52,23.55333333,25.04666667,70.11,100.0,37.0895,0.0428,317.8333333,-165.5,27.0,4.0,1e-06,27.0,5.0,1e-06,34.0269715
177,33.0,27.0,33.8,177.6,32.900000000000006,519.5,5.4,4.3,8.659933333,0.17038,0.229007634,2074.0,25000,84.51333333,8.52,23.55333333,25.04666667,70.11,100.0,37.0895,0.0428,317.8333333,-165.5,27.0,4.0,1e-06,27.0,5.0,1e-06,35.55475362
178,33.0,27.0,33.8,177.6,32.900000000000006,519.5,5.4,4.3,8.659933333,0.17038,0.229007634,2074.0,25000,84.51333333,8.52,23.55333333,25.04666667,70.11,100.0,37.0895,0.0428,317.8333333,-165.5,27.0,4.0,1e-06,27.0,5.0,1e-06,32.03363408
179,33.0,27.0,33.8,177.6,32.900000000000006,519.5,5.4,4.3,8.659933333,0.17038,0.229007634,2074.0,25000,84.51333333,8.52,23.55333333,25.04666667,70.11,100.0,37.0895,0.0428,317.8333333,-165.5,27.0,4.0,1e-06,27.0,5.0,1e-06,31.76806414
180,33.0,27.0,33.8,177.6,32.900000000000006,519.5,5.4,3.0,6.110233333,0.329193333,0.540540541,2156.0,17227,65.06333333,18.28666667,32.81666667,37.56666667,60.87333333,100.0,254.6355,0.2805,212.5,-114.1666667,27.0,4.0,1e-06,27.0,5.0,1e-06,27.68939528
181,33.0,27.0,33.8,177.6,32.900000000000006,519.5,5.4,3.0,6.110233333,0.329193333,0.540540541,2156.0,17227,65.06333333,18.28666667,32.81666667,37.56666667,60.87333333,100.0,254.6355,0.2805,212.5,-114.1666667,27.0,4.0,1e-06,27.0,5.0,1e-06,29.36446092
182,33.0,27.0,33.8,177.6,32.900000000000006,519.5,5.4,3.0,6.110233333,0.329193333,0.540540541,2156.0,17227,65.06333333,18.28666667,32.81666667,37.56666667,60.87333333,100.0,254.6355,0.2805,212.5,-114.1666667,27.0,4.0,1e-06,27.0,5.0,1e-06,25.4224679
183,33.0,27.0,33.8,177.6,32.900000000000006,519.5,5.4,3.0,6.110233333,0.329193333,0.540540541,2156.0,17227,65.06333333,18.28666667,32.81666667,37.56666667,60.87333333,100.0,254.6355,0.2805,212.5,-114.1666667,27.0,4.0,1e-06,27.0,5.0,1e-06,30.45936132
184,33.0,27.0,33.8,177.6,32.900000000000006,519.5,5.4,3.0,6.110233333,0.329193333,0.540540541,2156.0,17227,65.06333333,18.28666667,32.81666667,37.56666667,60.87333333,100.0,254.6355,0.2805,212.5,-114.1666667,27.0,4.0,1e-06,27.0,5.0,1e-06,21.55446939
185,33.0,27.0,33.8,177.6,32.900000000000006,519.5,5.4,3.0,6.110233333,0.329193333,0.540540541,2156.0,17227,65.06333333,18.28666667,32.81666667,37.56666667,60.87333333,100.0,254.6355,0.2805,212.5,-114.1666667,27.0,4.0,1e-06,27.0,5.0,1e-06,32.434815
186,33.0,27.0,33.8,177.6,32.900000000000006,519.5,5.4,3.0,6.110233333,0.329193333,0.540540541,2156.0,17227,65.06333333,18.28666667,32.81666667,37.56666667,60.87333333,100.0,254.6355,0.2805,212.5,-114.1666667,27.0,4.0,1e-06,27.0,5.0,1e-06,24.4368996
187,33.0,27.0,33.8,177.6,32.900000000000006,519.5,5.4,3.0,6.110233333,0.329193333,0.540540541,2156.0,17227,65.06333333,18.28666667,32.81666667,37.56666667,60.87333333,100.0,254.6355,0.2805,212.5,-114.1666667,27.0,4.0,1e-06,27.0,5.0,1e-06,33.23383051
188,33.0,27.0,33.8,177.6,32.900000000000006,519.5,5.4,3.0,6.110233333,0.329193333,0.540540541,2156.0,17227,65.06333333,18.28666667,32.81666667,37.56666667,60.87333333,100.0,254.6355,0.2805,212.5,-114.1666667,27.0,4.0,1e-06,27.0,5.0,1e-06,27.54680801
189,33.0,27.0,33.8,177.6,32.900000000000006,519.5,5.4,3.0,6.110233333,0.329193333,0.540540541,2156.0,17227,65.06333333,18.28666667,32.81666667,37.56666667,60.87333333,100.0,254.6355,0.2805,212.5,-114.1666667,27.0,4.0,1e-06,27.0,5.0,1e-06,30.58319566
190,33.0,27.0,33.8,177.6,32.900000000000006,519.5,5.4,3.0,6.110233333,0.329193333,0.540540541,2156.0,17227,65.06333333,18.28666667,32.81666667,37.56666667,60.87333333,100.0,254.6355,0.2805,212.5,-114.1666667,27.0,4.0,1e-06,27.0,5.0,1e-06,28.38737192
191,50.0,1e-06,38.8,191.6,31.900000000000002,523.5,4.4,2.5,4.222,0.468793333,0.652173913,1418.0,25000,71.77666667,17.1,28.14666667,32.93333333,58.71333333,40.0,88.572,0.168,506.0,-303.3333333,20.0,30.0,1e-06,1e-06,1e-06,1e-06,28.3731986
192,50.0,1e-06,38.8,191.6,31.900000000000002,523.5,4.4,2.5,4.222,0.468793333,0.652173913,1418.0,25000,71.77666667,17.1,28.14666667,32.93333333,58.71333333,40.0,88.572,0.168,506.0,-303.3333333,20.0,30.0,1e-06,1e-06,1e-06,1e-06,35.73437524
193,50.0,1e-06,38.8,191.6,31.900000000000002,523.5,4.4,2.5,4.222,0.468793333,0.652173913,1418.0,25000,71.77666667,17.1,28.14666667,32.93333333,58.71333333,40.0,88.572,0.168,506.0,-303.3333333,20.0,30.0,1e-06,1e-06,1e-06,1e-06,32.33335238
194,50.0,1e-06,38.8,191.6,31.900000000000002,523.5,4.4,2.5,4.222,0.468793333,0.652173913,1418.0,25000,71.77666667,17.1,28.14666667,32.93333333,58.71333333,40.0,88.572,0.168,506.0,-303.3333333,20.0,30.0,1e-06,1e-06,1e-06,1e-06,24.69113666
195,50.0,1e-06,38.8,191.6,31.900000000000002,523.5,4.4,2.5,4.222,0.468793333,0.652173913,1418.0,25000,71.77666667,17.1,28.14666667,32.93333333,58.71333333,40.0,88.572,0.168,506.0,-303.3333333,20.0,30.0,1e-06,1e-06,1e-06,1e-06,34.58372425
196,50.0,1e-06,38.8,191.6,31.900000000000002,523.5,4.4,2.5,4.222,0.468793333,0.652173913,1418.0,25000,71.77666667,17.1,28.14666667,32.93333333,58.71333333,40.0,88.572,0.168,506.0,-303.3333333,20.0,30.0,1e-06,1e-06,1e-06,1e-06,36.11889752
197,50.0,1e-06,38.8,191.6,31.900000000000002,523.5,4.4,2.5,4.222,0.468793333,0.652173913,1418.0,25000,71.77666667,17.1,28.14666667,32.93333333,58.71333333,40.0,88.572,0.168,506.0,-303.3333333,20.0,30.0,1e-06,1e-06,1e-06,1e-06,34.92950993
198,50.0,1e-06,38.8,191.6,31.900000000000002,523.5,4.4,2.5,4.222,0.468793333,0.652173913,1418.0,25000,71.77666667,17.1,28.14666667,32.93333333,58.71333333,40.0,88.572,0.168,506.0,-303.3333333,20.0,30.0,1e-06,1e-06,1e-06,1e-06,30.48187721
199,50.0,1e-06,38.8,191.6,31.900000000000002,523.5,4.4,2.5,4.222,0.468793333,0.652173913,1418.0,25000,71.77666667,17.1,28.14666667,32.93333333,58.71333333,40.0,88.572,0.168,506.0,-303.3333333,20.0,30.0,1e-06,1e-06,1e-06,1e-06,40.71127136
200,50.0,1e-06,38.8,191.6,31.900000000000002,523.5,4.4,2.5,4.222,0.468793333,0.652173913,1418.0,25000,71.77666667,17.1,28.14666667,32.93333333,58.71333333,40.0,88.572,0.168,506.0,-303.3333333,20.0,30.0,1e-06,1e-06,1e-06,1e-06,30.99922966
201,50.0,1e-06,38.8,191.6,31.900000000000002,523.5,4.4,2.5,4.222,0.468793333,0.652173913,1418.0,25000,71.77666667,17.1,28.14666667,32.93333333,58.71333333,40.0,88.572,0.168,506.0,-303.3333333,20.0,30.0,1e-06,1e-06,1e-06,1e-06,35.35783377
202,1e-06,85.0,29.1,157.1,32.0,518.5,1.9,2.8,1e-06,0.375533333,0.454545455,1612.0,5026,88.58,5.486666667,17.64666667,18.48666667,72.74333333,1e-06,147.3155,0.1465,42.5,-19.16666667,1e-06,1e-06,88.0,1e-06,1e-06,1e-06,30.13371963
203,1e-06,85.0,29.1,157.1,32.0,518.5,1.9,2.8,1e-06,0.375533333,0.454545455,1612.0,5026,88.58,5.486666667,17.64666667,18.48666667,72.74333333,1e-06,147.3155,0.1465,42.5,-19.16666667,1e-06,1e-06,88.0,1e-06,1e-06,1e-06,33.61252947
204,1e-06,85.0,29.1,157.1,32.0,518.5,1.9,2.8,1e-06,0.375533333,0.454545455,1612.0,5026,88.58,5.486666667,17.64666667,18.48666667,72.74333333,1e-06,147.3155,0.1465,42.5,-19.16666667,1e-06,1e-06,88.0,1e-06,1e-06,1e-06,32.44550871
205,1e-06,85.0,29.1,157.1,32.0,518.5,1.9,2.8,1e-06,0.375533333,0.454545455,1612.0,5026,88.58,5.486666667,17.64666667,18.48666667,72.74333333,1e-06,147.3155,0.1465,42.5,-19.16666667,1e-06,1e-06,88.0,1e-06,1e-06,1e-06,28.88439906
206,1e-06,85.0,29.1,157.1,32.0,518.5,1.9,2.8,1e-06,0.375533333,0.454545455,1612.0,5026,88.58,5.486666667,17.64666667,18.48666667,72.74333333,1e-06,147.3155,0.1465,42.5,-19.16666667,1e-06,1e-06,88.0,1e-06,1e-06,1e-06,33.00967358
207,1e-06,85.0,29.1,157.1,32.0,518.5,1.9,2.8,1e-06,0.375533333,0.454545455,1612.0,5026,88.58,5.486666667,17.64666667,18.48666667,72.74333333,1e-06,147.3155,0.1465,42.5,-19.16666667,1e-06,1e-06,88.0,1e-06,1e-06,1e-06,33.06633804
208,1e-06,85.0,29.1,157.1,32.0,518.5,1.9,2.8,1e-06,0.375533333,0.454545455,1612.0,5026,88.58,5.486666667,17.64666667,18.48666667,72.74333333,1e-06,147.3155,0.1465,42.5,-19.16666667,1e-06,1e-06,88.0,1e-06,1e-06,1e-06,29.96177479
209,1e-06,85.0,29.1,157.1,32.0,518.5,1.9,2.8,1e-06,0.375533333,0.454545455,1612.0,5026,88.58,5.486666667,17.64666667,18.48666667,72.74333333,1e-06,147.3155,0.1465,42.5,-19.16666667,1e-06,1e-06,88.0,1e-06,1e-06,1e-06,29.95951087
210,1e-06,85.0,29.1,157.1,32.0,518.5,1.9,2.8,1e-06,0.375533333,0.454545455,1612.0,5026,88.58,5.486666667,17.64666667,18.48666667,72.74333333,1e-06,147.3155,0.1465,42.5,-19.16666667,1e-06,1e-06,88.0,1e-06,1e-06,1e-06,34.93519264
211,1e-06,85.0,29.1,157.1,32.0,518.5,1.9,2.8,1e-06,0.375533333,0.454545455,1612.0,5026,88.58,5.486666667,17.64666667,18.48666667,72.74333333,1e-06,147.3155,0.1465,42.5,-19.16666667,1e-06,1e-06,88.0,1e-06,1e-06,1e-06,37.23032562
212,1e-06,85.0,29.1,157.1,32.0,518.5,1.9,2.8,1e-06,0.375533333,0.454545455,1612.0,5026,88.58,5.486666667,17.64666667,18.48666667,72.74333333,1e-06,147.3155,0.1465,42.5,-19.16666667,1e-06,1e-06,88.0,1e-06,1e-06,1e-06,33.65472723
213,1e-06,85.0,29.1,157.1,32.0,518.5,1.9,2.8,1e-06,0.375533333,0.454545455,1612.0,5026,88.58,5.486666667,17.64666667,18.48666667,72.74333333,1e-06,147.3155,0.1465,42.5,-19.16666667,1e-06,1e-06,88.0,1e-06,1e-06,1e-06,23.8442511
214,1e-06,85.0,29.1,157.1,32.0,518.5,1.9,2.8,1e-06,0.375533333,0.454545455,1612.0,5026,88.58,5.486666667,17.64666667,18.48666667,72.74333333,1e-06,147.3155,0.1465,42.5,-19.16666667,1e-06,1e-06,88.0,1e-06,1e-06,1e-06,30.09863073
215,1e-06,85.0,29.1,157.1,32.0,518.5,1.9,2.8,1e-06,0.375533333,0.454545455,1612.0,5026,88.58,5.486666667,17.64666667,18.48666667,72.74333333,1e-06,147.3155,0.1465,42.5,-19.16666667,1e-06,1e-06,88.0,1e-06,1e-06,1e-06,38.67031069
216,49.05,27.65,34.83,159.555,31.900000000000002,522.34,8.02,4.2,4.032933333,0.2097,0.303030303,3039.0,25000,60.38666667,18.35333333,37.00666667,41.30666667,63.62,460.0,262.432,0.0314,354.3333333,-151.5,16.0,10.0,1e-06,42.0,1e-06,1e-06,24.05997332
217,49.05,27.65,34.83,159.555,31.900000000000002,522.34,8.02,4.2,4.032933333,0.2097,0.303030303,3039.0,25000,60.38666667,18.35333333,37.00666667,41.30666667,63.62,460.0,262.432,0.0314,354.3333333,-151.5,16.0,10.0,1e-06,42.0,1e-06,1e-06,33.63409077
218,49.05,27.65,34.83,159.555,31.900000000000002,522.34,8.02,4.2,4.032933333,0.2097,0.303030303,3039.0,25000,60.38666667,18.35333333,37.00666667,41.30666667,63.62,460.0,262.432,0.0314,354.3333333,-151.5,16.0,10.0,1e-06,42.0,1e-06,1e-06,27.1653423
219,49.05,27.65,34.83,159.555,31.900000000000002,522.34,8.02,4.2,4.032933333,0.2097,0.303030303,3039.0,25000,60.38666667,18.35333333,37.00666667,41.30666667,63.62,460.0,262.432,0.0314,354.3333333,-151.5,16.0,10.0,1e-06,42.0,1e-06,1e-06,31.42151792
220,49.05,27.65,34.83,159.555,31.900000000000002,522.34,8.02,4.2,4.032933333,0.2097,0.303030303,3039.0,25000,60.38666667,18.35333333,37.00666667,41.30666667,63.62,460.0,262.432,0.0314,354.3333333,-151.5,16.0,10.0,1e-06,42.0,1e-06,1e-06,25.22360128
221,49.05,27.65,34.83,159.555,31.900000000000002,522.34,8.02,4.2,4.032933333,0.2097,0.303030303,3039.0,25000,60.38666667,18.35333333,37.00666667,41.30666667,63.62,460.0,262.432,0.0314,354.3333333,-151.5,16.0,10.0,1e-06,42.0,1e-06,1e-06,21.85038479
222,49.05,27.65,34.83,159.555,31.900000000000002,522.34,8.02,4.2,4.032933333,0.2097,0.303030303,3039.0,25000,60.38666667,18.35333333,37.00666667,41.30666667,63.62,460.0,262.432,0.0314,354.3333333,-151.5,16.0,10.0,1e-06,42.0,1e-06,1e-06,28.56108784
223,49.05,27.65,34.83,159.555,31.900000000000002,522.34,8.02,4.2,4.032933333,0.2097,0.303030303,3039.0,25000,60.38666667,18.35333333,37.00666667,41.30666667,63.62,460.0,262.432,0.0314,354.3333333,-151.5,16.0,10.0,1e-06,42.0,1e-06,1e-06,30.8760087
224,49.05,27.65,34.83,159.555,31.900000000000002,522.34,8.02,4.2,4.032933333,0.2097,0.303030303,3039.0,25000,60.38666667,18.35333333,37.00666667,41.30666667,63.62,460.0,262.432,0.0314,354.3333333,-151.5,16.0,10.0,1e-06,42.0,1e-06,1e-06,27.97361547
225,49.05,27.65,34.83,159.555,31.900000000000002,522.34,8.02,4.2,4.032933333,0.2097,0.303030303,3039.0,25000,60.38666667,18.35333333,37.00666667,41.30666667,63.62,460.0,262.432,0.0314,354.3333333,-151.5,16.0,10.0,1e-06,42.0,1e-06,1e-06,37.68709897
226,49.05,27.65,34.83,159.555,31.900000000000002,522.34,8.02,4.2,4.032933333,0.2097,0.303030303,3039.0,25000,60.38666667,18.35333333,37.00666667,41.30666667,63.62,460.0,262.432,0.0314,354.3333333,-151.5,16.0,10.0,1e-06,42.0,1e-06,1e-06,33.22809922
227,49.05,27.65,34.83,159.555,31.900000000000002,522.34,8.02,4.2,4.032933333,0.2097,0.303030303,3039.0,25000,60.38666667,18.35333333,37.00666667,41.30666667,63.62,460.0,262.432,0.0314,354.3333333,-151.5,16.0,10.0,1e-06,42.0,1e-06,1e-06,32.60789957
228,97.0,1e-06,29.2,156.7,32.1,521.5,4.4,6.3,8.2317,0.119266667,0.23255814,3027.5,20476,89.27,5.353333333,16.15666667,17.06666667,71.67,220.0,104.9256667,0.130333333,249.1666667,-134.5,73.0,4.0,1e-06,1e-06,1e-06,1e-06,16.49752417
229,97.0,1e-06,29.2,156.7,32.1,521.5,4.4,6.3,8.2317,0.119266667,0.23255814,3027.5,20476,89.27,5.353333333,16.15666667,17.06666667,71.67,220.0,104.9256667,0.130333333,249.1666667,-134.5,73.0,4.0,1e-06,1e-06,1e-06,1e-06,29.34339262
230,97.0,1e-06,29.2,156.7,32.1,521.5,4.4,6.3,8.2317,0.119266667,0.23255814,3027.5,20476,89.27,5.353333333,16.15666667,17.06666667,71.67,220.0,104.9256667,0.130333333,249.1666667,-134.5,73.0,4.0,1e-06,1e-06,1e-06,1e-06,23.4251009
231,97.0,1e-06,29.2,156.7,32.1,521.5,4.4,6.3,8.2317,0.119266667,0.23255814,3027.5,20476,89.27,5.353333333,16.15666667,17.06666667,71.67,220.0,104.9256667,0.130333333,249.1666667,-134.5,73.0,4.0,1e-06,1e-06,1e-06,1e-06,23.22313206
232,97.0,1e-06,29.2,156.7,32.1,521.5,4.4,6.3,8.2317,0.119266667,0.23255814,3027.5,20476,89.27,5.353333333,16.15666667,17.06666667,71.67,220.0,104.9256667,0.130333333,249.1666667,-134.5,73.0,4.0,1e-06,1e-06,1e-06,1e-06,30.95332821
233,97.0,1e-06,29.2,156.7,32.1,521.5,4.4,6.3,8.2317,0.119266667,0.23255814,3027.5,20476,89.27,5.353333333,16.15666667,17.06666667,71.67,220.0,104.9256667,0.130333333,249.1666667,-134.5,73.0,4.0,1e-06,1e-06,1e-06,1e-06,23.31597776
234,97.0,1e-06,29.2,156.7,32.1,521.5,4.4,6.3,8.2317,0.119266667,0.23255814,3027.5,20476,89.27,5.353333333,16.15666667,17.06666667,71.67,220.0,104.9256667,0.130333333,249.1666667,-134.5,73.0,4.0,1e-06,1e-06,1e-06,1e-06,27.33327098
235,97.0,1e-06,29.2,156.7,32.1,521.5,4.4,6.3,8.2317,0.119266667,0.23255814,3027.5,20476,89.27,5.353333333,16.15666667,17.06666667,71.67,220.0,104.9256667,0.130333333,249.1666667,-134.5,73.0,4.0,1e-06,1e-06,1e-06,1e-06,25.46491526
236,97.0,1e-06,29.2,156.7,32.1,521.5,4.4,6.3,8.2317,0.119266667,0.23255814,3027.5,20476,89.27,5.353333333,16.15666667,17.06666667,71.67,220.0,104.9256667,0.130333333,249.1666667,-134.5,73.0,4.0,1e-06,1e-06,1e-06,1e-06,28.04338579
